{
    "curve_parameters": {
        "0": [
            1.8832236452357707, 
            0.14054981689207485, 
            210035.0248527947, 
            0.7541745485928505
        ], 
        "1": [
            0.3143643325287053, 
            0.14786623963044104, 
            131975.45552051198, 
            0.3025735213794942
        ], 
        "2": [
            1.2894511857419124, 
            0.13820954246781103, 
            84028.25843248577, 
            0.6504074148725452
        ], 
        "3": [
            0.22573461053017407, 
            0.1457421994097588, 
            128362.39005231991, 
            0.21669812827635782
        ], 
        "4": [
            1.30178720603052, 
            0.14159705304927644, 
            84488.57484892549, 
            0.6510310551652055
        ], 
        "5": [
            -0.04812212077826235, 
            0.14778033977208743, 
            64548.07456715891, 
            0.7190021771361943
        ], 
        "6": [
            1.037519872647815, 
            0.13813371811041725, 
            76257.64772447098, 
            0.6097472390381755
        ], 
        "7": [
            -1.3050090482645635, 
            0.1504946720371371, 
            89118.55555835293, 
            0.7708635669396386
        ]
    }, 
    "heater_count": 8
}