{"curve_parameters": {"0": [1.8832236452357707, 0.14054981689207485, 210035.02485279471, 0.75417454859285049], "1": [0.31436433252870533, 0.14786623963044104, 131975.45552051198, 0.30257352137949423], "2": [1.2894511857419124, 0.13820954246781103, 84028.258432485774, 0.65040741487254516], "3": [0.22573461053017407, 0.1457421994097588, 128362.39005231991, 0.21669812827635782], "4": [1.30178720603052, 0.14159705304927644, 84488.574848925491, 0.65103105516520554], "5": [-0.048122120778262348, 0.14778033977208743, 64548.07456715891, 0.7190021771361943], "6": [1.037519872647815, 0.13813371811041725, 76257.647724470982, 0.60974723903817551], "7": [-1.3050090482645635, 0.15049467203713709, 89118.555558352935, 0.77086356693963864], "1": [-1.2564319942661912, 0.14786623963044104, 131975.45552051198, 1.8733698481743908], "0": [1.8832236452357707, 0.14054981689207485, 210035.0248527947, 0.7541745485928505], "3": [-1.3450617162647225, 0.1457421994097588, 128362.39005231991, 1.7874944550712544], "2": [1.2894511857419124, 0.13820954246781103, 84028.25843248577, 0.6504074148725452], "5": [-0.04812212077826235, 0.14778033977208743, 64548.07456715891, 0.7190021771361943], "4": [1.30178720603052, 0.14159705304927644, 84488.57484892549, 0.6510310551652055], "7": [-1.3050090482645635, 0.1504946720371371, 89118.55555835293, 0.7708635669396386], "6": [1.037519872647815, 0.13813371811041725, 76257.64772447098, 0.6097472390381755]}, "heater_count": 16}